cpu_generation,cpu_cores,brand,color,scraped_at,gpu_type,intended_use,ram_gb,cpu_family,ssd_gb,screen_size_inch,weight,gpu_vram_gb,refresh_rate_hz,cpu_model,price_try,cpu_max_ghz,url,panel_type,ram_type,platform,display_standard,hdd_gb,operating_system,resolution,gpu_model,gpu_vram_type,title
,,lenovo,gri; siyah,2025-12-17 11:02:44,integrated,ev - okul,4.0,other,128.0,15.6,2 - 4 kg,0.0,,,9399.0,3.2,https://www.trendyol.com/lenovo/ideapad-slim-3-intel-n100-4gb-ram-128gb-ssd-15-6-w11-laptop-82xb009gtx-p-880830432?boutiqueid=61&merchantid=413566,tn,,trendyol,full hd (fhd),,,1920x1080,intel uhd graphics,,"ideapad slim 3/ intel n100/ 4gb ram/ 128gb ssd/ 15.6""/ w11/ laptop 82xb009gtx"
,2.0,casper,gri,2025-12-17 11:02:45,integrated,ofis - i̇ş,4.0,intel celeron,120.0,15.6,2 kg ve altı,0.0,60.0,n4020,11000.0,2.8,https://www.trendyol.com/casper/nirvana-intel-celeron-n4020-4gb-ram-120gb-ssd-windows-11-home-15-6-hd-laptop-c370-4020-4c00b-p-358003688?boutiqueid=61&merchantid=275331,tn,lpddr4,trendyol,hd ready (hd),,windows home,1366x768,intel uhd graphics 600,,"nirvana intel celeron n4020 4gb ram 120gb ssd windows 11 home 15.6"" hd laptop c370.4020-4c00b"
13.0,10.0,casper,siyah; gri,2025-12-17 11:02:46,dedicated,oyun,32.0,intel core i7,,15.6,2 - 4 kg,6.0,165.0,13620h,47999.0,4.9,https://www.trendyol.com/casper/excalibur-i7-13620h-32gb-1tb-ssd-6gb-rtx4050-105w-165hz-15-6-dos-gaming-laptop-g870-1362-dfa0x-c-p-672157475?boutiqueid=61&merchantid=141868,ips,ddr4,trendyol,full hd (fhd),,freedos,1920x1080,nvidia geforce rtx 4050,gddr6,"excalibur i7-13620h 32gb 1tb ssd 6gb rtx4050 105w 165hz 15.6"" dos gaming laptop g870.1362-dfa0x-c"
5.0,4.0,lenovo,çok renkli; siyah,2025-12-17 11:02:48,integrated,ofis - i̇ş,16.0,amd ryzen 5,512.0,15.6,2 - 4 kg,0.0,,7520u,19899.0,3.0,https://www.trendyol.com/lenovo/v15-82yu0123tx-ryzen5-7520u-16gb-512ssd-15-6-freedos-p-816046818?boutiqueid=61&merchantid=514546,,birleşik bellek,trendyol,full hd (fhd),256.0,windows home,1920x1080,dahili ekran kartı,,v15 82yu0123tx ryzen5-7520u 16gb 512ssd 15.6 freedos
4.0,4.0,lenovo,gri,2025-12-17 11:02:49,integrated,ev - okul,4.0,intel celeron,,15.6,2 kg ve altı,0.0,60.0,n4120,10819.0,,https://www.trendyol.com/lenovo/ideapad1-intel-celeron-n4120-4gb-128gb-emmc-dos-15-6-cloud-grey-laptop-lenovo-turkiye-garantili-p-652489295?boutiqueid=61&merchantid=557390,tn,ddr4,trendyol,hd ready (hd),,freedos,1366x768,dahili ekran kartı,dahili,"ideapad1 intel celeron-n4120 4gb 128gb emmc dos 15.6"" cloud grey laptop (lenovo türkiye garantili)"
5.0,6.0,acer,gri; gri,2025-12-17 11:02:51,integrated,ofis - i̇ş,8.0,amd ryzen 5,512.0,14.0,2 kg ve altı,0.0,60.0,5500u,19100.0,4.0,https://www.trendyol.com/acer/swift-3-amd-ryzen-5-5500u-8gb-512gb-ssd-freedos-14-1-2kg-fhd-gumus-dizustu-bilgisayar-nx-ab1ey-002-p-300442845?boutiqueid=61&merchantid=1205934,tn,lpddr4x,trendyol,full hd (fhd),512.0,freedos,1920x1080,amd radeon r5,dahili,"swift 3 amd ryzen 5-5500u 8gb 512gb ssd freedos 14"" 1.2kg fhd gümüş dizüstü bilgisayar nx.ab1ey.002"
,4.0,lenovo,gri,2025-12-17 11:02:52,integrated,ofis - i̇ş,4.0,intel celeron,128.0,15.6,2 kg ve altı,0.0,,alder lake-n n100,10297.0,2.6,https://www.trendyol.com/lenovo/ideapad-slim-3-intel-celeron-n100-4gb-128gb-intel-uhd-graphics-15-6-fhd-w11-notebook-p-382953334?boutiqueid=61&merchantid=1132800,tn,ddr4,trendyol,full hd (fhd),,windows home,1366x768,intel uhd graphics 600,,"ideapad slim 3 intel celeron n100 4gb 128gb intel uhd graphics 15.6"" fhd w11 notebook"
5.0,8.0,lenovo,gri,2025-12-17 11:02:53,integrated,ev - okul,16.0,amd ryzen 7,512.0,15.6,2 kg ve altı,0.0,60.0,5825u,23999.0,4.3,https://www.trendyol.com/lenovo/ideapad-3-amd-ryzen-7-5825u-16gb-512gb-ssd-15-6-fhd-freedos-laptop-p-752653765?boutiqueid=61&merchantid=1018234,tn,ddr4,trendyol,full hd (fhd),,freedos,1920x1080,amd radeon graphics,dahili,"ideapad 3 amd ryzen 7 5825u 16gb 512gb ssd 15.6"" fhd freedos laptop"
4.0,2.0,lenovo,gri,2025-12-17 11:02:55,integrated,ev - okul,4.0,intel celeron,128.0,15.6,2 - 4 kg,0.0,60.0,n4020,10699.0,2.5,https://www.trendyol.com/lenovo/ideapad-intel-celeron-4gb-128gb-ssd-windows-11-15-6-cloud-grey-dizustu-bilgisayar-p-811944598?boutiqueid=61&merchantid=200228,tn,ddr4,trendyol,hd ready (hd),,windows home,1366x768,dahili ekran kartı,dahili,"ideapad intel celeron 4gb 128gb ssd windows 11 15.6"" cloud grey dizüstü bilgisayar"
,2.0,lenovo,gümüş,2025-12-17 11:02:56,integrated,ev - okul,4.0,intel celeron,128.0,14.0,2 kg ve altı,0.0,,n4020,25076.87,2.3,https://www.trendyol.com/lenovo/ideapad-intel-celeron-n4020-4gb-128gb-ssd-freedos-14-p-367015572?boutiqueid=61&merchantid=222210,tn,ddr4,trendyol,hd ready (hd),,freedos,1366x768,intel uhd graphics 600,ddr4,ideapad intel celeron n4020 4gb 128gb ssd freedos 14''
13.0,8.0,casper,siyah; gri,2025-12-17 11:02:58,dedicated,oyun,32.0,intel core i5,,15.6,2 - 4 kg,6.0,165.0,13420h,47999.0,4.6,https://www.trendyol.com/casper/excalibur-g870-i5-13420h-32gb-1tb-6gb-rtx4050-165hz-15-6-freedos-gaming-laptop-g870-1342-dfa0x-c-p-672168438?boutiqueid=61&merchantid=141868,ips,ddr4,trendyol,full hd (fhd),,freedos,1920x1080,nvidia geforce rtx 4050,gddr6,"excalibur g870 i5-13420h 32gb 1tb 6gb rtx4050 165hz 15.6"" freedos gaming laptop g870.1342-dfa0x-c"
,4.0,lenovo,gri,2025-12-17 11:03:00,integrated,ofis - i̇ş,4.0,intel celeron,,15.6,2 kg ve altı,0.0,,alder lake-n n100,9400.0,3.4,https://www.trendyol.com/lenovo/ideapad-slim-3-intel-celeron-n100-4gb-128gb-intel-uhd-graphics-15-6-fhd-w11-notebook-82xb009gtx-p-941342405?boutiqueid=61&merchantid=1179738,tn,lpddr5,trendyol,full hd (fhd),128.0,windows home,1920x1080,intel uhd graphics,dahili,"ideapad slim 3 intel celeron n100 4gb 128gb intel uhd graphics 15.6"" fhd w11 notebook 82xb009gtx"
12.0,14.0,casper,siyah,2025-12-17 11:03:02,dedicated,oyun,32.0,intel core i7,,15.6,2 - 4 kg,4.0,144.0,12700h,49999.0,4.7,https://www.trendyol.com/casper/excalibur-g770-i7-12700h-32gb-1tb-4gb-rtx3050-95w-15-6-freedos-gaming-laptop-g770-1270-dfj0x-b-p-311975792?boutiqueid=61&merchantid=141868,ips,ddr4,trendyol,full hd (fhd),,freedos,1920x1080,nvidia geforce rtx 3050,gddr6,"excalibur g770 i7-12700h 32gb 1tb 4gb rtx3050 95w 15.6"" freedos gaming laptop g770.1270-dfj0x-b"
,4.0,lenovo,gri,2025-12-17 11:03:04,integrated,ofis - i̇ş,4.0,intel celeron,128.0,15.6,2 kg ve altı,0.0,,alder lake-n n100,10979.0,3.4,https://www.trendyol.com/lenovo/ideapad-slim-3-15ian8-intel-n100-4gb-ram-128gb-ssd-intel-uhd-graphics-15-6-fhd-w11-gri-noteb-p-880174765?boutiqueid=61&merchantid=853006,tn,lpddr5,trendyol,full hd (fhd),128.0,windows home,1920x1080,intel uhd graphics,dahili,"ideapad slim 3 15ian8 intel n100 4gb ram 128gb ssd intel uhd graphics 15.6"" fhd w11 gri noteb"
12.0,4.0,lenovo,metalik gri; metalik,2025-12-17 11:03:05,integrated,ofis - i̇ş,16.0,intel core i3,512.0,15.6,2 kg ve altı,0.0,60.0,1215u,25499.0,4.4,https://www.trendyol.com/lenovo/ideapad-3-intel-core-i3-1215u-16gb-512gb-ssd-w11p-15-6-full-hd-csr22-canta-hediyeli-p-781482518?boutiqueid=61&merchantid=557390,tn,ddr4,trendyol,full hd (fhd),,windows home,1920x1080,intel uhd graphics,dahili,"ideapad 3 i̇ntel core i3-1215u 16gb 512gb ssd w11p 15.6"" full hd csr22 çanta hediyeli"
,6.0,lenovo,gri,2025-12-17 11:03:07,integrated,ofis - i̇ş,16.0,amd ryzen 5,512.0,15.6,2 kg ve altı,0.0,60.0,5500u,22799.0,4.0,https://www.trendyol.com/lenovo/ideapad-1-15alc7-amd-ryzen-5-5625u-16gb-512gb-ssd-15-6-win11-tasinabilir-bilgisayar-p-817478034?boutiqueid=61&merchantid=557390,tn,ddr4,trendyol,full hd (fhd),,windows home,1920x1080,dahili ekran kartı,,"ideapad 1 15alc7 amd ryzen 5 5625u 16gb 512gb ssd 15.6"" win11 taşınabilir bilgisayar"
8.0,6.0,hp,,2025-12-17 11:03:15,dedicated,oyun,16.0,amd ryzen 5,512.0,15.6,2 - 4 kg,6.0,144.0,8645hs,30999.0,5.0,https://www.trendyol.com/hp/victus-amd-ryzen-5-8645hs-16gb-512gb-rtx3050-6gb-freedos-15-6-fhd-ips-144hz-gaming-laptop-b9km2ea-p-929697232?boutiqueid=61&merchantid=106934,ips,ddr5,trendyol,full hd (fhd),,freedos,1920x1080,nvidia geforce rtx 3050,gddr6,"victus amd ryzen 5-8645hs 16gb 512gb rtx3050 6gb freedos 15.6"" fhd ips 144hz gaming laptop b9km2ea"
12.0,10.0,asus,laci̇vert; lacivert,2025-12-17 11:03:17,integrated,ofis - i̇ş,16.0,intel core i5,,15.6,2 kg ve altı,0.0,60.0,1235u,27499.0,4.4,https://www.trendyol.com/asus/vivobook-15-intel-core-5-120-16gb-1tb-ssd-w11p-15-6-fhd-bilgisayar-csrtech-p-795953654?boutiqueid=61&merchantid=880551,ips,ddr4,trendyol,full hd (fhd),,windows home,1920x1080,intel uhd graphics,dahili,"vivobook 15 intel core 5 120 16gb 1tb ssd w11p 15.6"" fhd bilgisayar csrtech"
12.0,12.0,lenovo,gri,2025-12-17 11:03:19,dedicated,oyun,24.0,intel core i5,512.0,15.6,2 - 4 kg,6.0,144.0,12600hx,41899.0,4.6,https://www.trendyol.com/lenovo/loq-intel-core-i5-12600hx-24g-512gb-ssd-rtx4050-15-6-fhd-144hz-105w-freedos-gaming-pc-83gs00p6tr-p-892391469?boutiqueid=61&merchantid=105061,ips,ddr5,trendyol,full hd (fhd),,freedos,1920x1080,nvidia geforce rtx 4050,gddr6,"loq intel core i5-12600hx 24g 512gb ssd rtx4050 15.6"" fhd 144hz 105w freedos gaming pc 83gs00p6tr"
13.0,,casper,siyah,2025-12-17 11:02:19,dedicated_high_end,oyun ve eğlence,32.0,intel core i7,,16.0,2 - 4 kg,8.0,165.0,13620h,68499.0,4.9,https://adservice.hepsiburada.com/event/api/v1/track?event=egdetzfxnflkevdszhljcfngsstcrm5szudeak1leuvuck1pzjzguuhublhnqvrzehi4tfrubvlxywzuaufeqk9pdmfps0d0b1hgv2xzalirb0zxtty5y0wwofhlrxbpwwtsbdjbc2ptbhb3u2nhb0f6vug1cez6ukxqostvrnlxchfxu3diudf5wvrpyxfvcndovfzhtvhkz2hdog1umdb4alntruwwuxmrzvj4vlj0l0q2vgj0suhra01hegvpnmhjqjlkdwo4z3qrufmxyu1soxbmem0rdmn0d2dyuzrdt3ldcezwtuhhvfjpdu9qskrirtltsy85dw5ptfjmqwxkbtbtng0zvlk4qug5rnuwrs8xbuduwtjml2z6wfbsr1rhaee1nfi0oc9lewnarfk0dudrmju4zvlqtlblstvimxdgwwtucwzgturry1vzsk81etngwvuzree5uwdwazvkeveyk0lryjrezddhn0gxyktovkrrb0yxy2l6meewmehxt2nic2tfutbesxffemi4l1a4u0vkoxnxefdam0dydjz3ovnoy2tuulvjzuxwnyttymzpwdh2a1viszziymh5umpnkzjttuxnuzlyawhfvljzemt1tnoznnzttzdcvwzkdkfmrnnlvgrpsnrxcenvc3jzb0fyoglaetrxofviemnbumdtb3bqd1homs9bkzjxdna5uxriuwrrq1vxz2f4zu5ws3rj&redirect=https%3a%2f%2fwww.hepsiburada.com%2fcasper-excalibur-g915-i7-13620h-32gb-2tb-8gb-rtx5060-165hz-16-freedos-gaming-laptop-g915-1362-dx60x-c-p-hbcv00009qzqhi%3fmagaza%3dcasper+excalibur&eventname=sp-click&platform=desktop,ips,ddr5,hepsiburada,full hd,,freedos,1920x1200,nvidia geforce rtx 5060,gddr7,"casper excalibur g915 i7-13620h 32gb 2tb 8gb rtx5060 165hz 16"" freedos gaming laptop g915.1362-dx60x-c"
,,lenovo,,2025-12-17 11:02:31,,,16.0,,512.0,,,,,,24999.0,,https://www.hepsiburada.com/lenovo-ideapad-slim-3-intel-core-i5-13420h-16gb-512gb-ssd-freedos-15-3-wuxga-tasinabilir-bilgisayar-83k1003mtr-pm-hbc00008o31ra,,,hepsiburada,WUXGA,,,,,,"lenovo ideapad slim 3 intel core i5 13420h 16gb 512gb ssd 15.3"" wuxga ips freedos taşınabilir bilgisayar 83k1003mtr"
13.0,,casper,titanyum gri,2025-12-17 11:02:40,integrated,,16.0,intel core i7,1024.0,16.0,2 kg ve altı,0.0,,13620h,25999.0,4.9,https://www.hepsiburada.com/casper-nirvana-s100-intel-core-i7-13620h-16gb-1tb-ssd-freedos-16-tasinabilir-bilgisayar-s100-1362-bf00x-g-f-p-hbcv00007xo59v,ips,ddr5,hepsiburada,,,freedos,1920x1200,intel graphics,paylaşımlı,"casper nirvana s100 intel core i7 13620h 16gb 1tb ssd freedos 16"" taşınabilir bilgisayar s100.1362-bf00x-g-f"
14.0,,gameraider,"siyah, siyah",2025-12-17 11:02:45,dedicated_high_end,oyun ve eğlence,32.0,intel core i7,1024.0,16.0,"2,2 kg",8.0,180.0,14650hx,59999.0,5.2,https://adservice.hepsiburada.com/event/api/v1/track?event=d0zcbklwn24zdm9nahzwtzl4ny9by0zpdjhjwm5cvfvqew5kczflwlovwitpefzeb1dnbezht3u3dlfkquvkrnu1rgdbne9pvm5vzwrhafzll1jyqllml1o0am9amevnwxewdzfuvjb0elfkc2nvedffavded2frrg9izctjdddrck9ickhqtxfkvhywai9xc3lxuw9fr3bkcld4ywfiv1jjau5sq1hpsjdzdky3oek1zddnmmlxsvuybwjksvjhywl6tejsajdhbgnralhyyutxbm1uckflr1hjawtry0zfotdwweg1de9vk3n6n3ozmhrpzultsky1zfhtajqrtxzfndj4mnjltdnvwupiclbedc94oxzyvmjia3nzyzawnfvts3e1rnpavnd6owl3nernm3rotnrrskc0zg8xvg5tburfbvzsk2vkuknxa1lnrxhabhpkc0z3cemyzxdwm2nnnljts01mnxayewjkzdnkntlts2hlyy9zy1a1blrlm2evaelonzk4tw16cjc3wmpyb1notdarukz6rzjdv05km25iovdxutrmm3lrsdc3sgtoexh4nvqyofnkzg95ym1ytk5jvwdmvk4zwgrhcepzb2pqmdvfvepqbljmr1awk2u4wggzv2ozv2xooss1cunkq0ncewrxvtvvywjum1lzaufeevzyvdcws1o4rhjpblfnztvxzhlac3lvs1g1nzdfajjlyms=&redirect=https%3a%2f%2fwww.hepsiburada.com%2fgameraider-flux-gr16-intel-core-i7-14650hx-32gb-ddr5-1tb-ssd-rtx-5060-8gb-115w-16-inc-2-5k-qhd-180hz-freedos-gaming-laptop-p-hbcv0000b0hym6%3fmagaza%3dbeta+plus+teknoloj%c4%b0&eventname=sp-click&platform=desktop,,ddr5,hepsiburada,qhd+,,freedos,2560x1600,nvidia geforce rtx 5060,gddr7,gameraider flux gr16 intel core i7-14650hx 32gb ddr5 1tb ssd rtx 5060 8gb 115w 16 inç 2.5k qhd+ 180hz freedos gaming laptop
13.0,,acer,gümüş,2025-12-17 11:02:46,integrated,,16.0,intel core i5,512.0,16.0,2 kg ve altı,,,1334u,21270.94,1.3,https://www.hepsiburada.com/acer-aspire-lite-al16-54p-intel-core-i5-1334u-16gb-512gb-ssd-freedos-15-6-fhd-tasinabilir-bilgisayar-nx-d76ey-001-pm-hbc0000a10ur2,,ddr5,hepsiburada,FHD,,freedos,1920x1200,intel uhd graphics,ddr5,acer aspire lite al16-54p intel core i5 1334u 16gb 512gb ssd freedos 15.6'' fhd taşınabilir bilgisayar nx.d76ey.001
,,lenovo,gri,2025-12-17 11:02:49,integrated,,16.0,amd ryzen 7,512.0,15.6,2 kg ve altı,,,5825u,21999.0,4.5,https://www.hepsiburada.com/lenovo-ideapad-slim-3-amd-ryzen-7-5825u-16gb-512gb-ssd-freedos-15-6-fhd-tasinabilir-bilgisayar-82xm00u4tx-pm-hbc00008o199x,tn,ddr4,hepsiburada,FHD,,freedos,1920x1080,onboard,onboard,"lenovo ideapad slim 3 amd ryzen 7 5825u 16gb 512gb ssd freedos 15.6"" fhd taşınabilir bilgisayar 82xm00u4tx"
13.0,,casper,gri,2025-12-17 11:02:51,dedicated_high_end,oyun ve eğlence,16.0,intel core i7,1024.0,15.6,2 - 4 kg,6.0,165.0,13620h,37599.0,4.9,https://www.hepsiburada.com/casper-excalibur-g870-intel-core-i7-13620h-16gb-1tb-ssd-rtx3050-freedos-15-6-165hz-tasinabilir-bilgisayar-g870-1362-bfj0x-c-pm-hbc00009hri6v,ips,ddr4,hepsiburada,full hd,,freedos,1920x1080,nvidia geforce rtx 3050,gddr6,"casper excalibur g870 intel core i7 13620h 16gb 1tb ssd rtx3050 freedos 15.6"" 165hz taşınabilir bilgisayar g870.1362-bfj0x-c"
,,lenovo,gri,2025-12-17 11:02:54,integrated,,4.0,intel celeron,,15.6,2 kg ve altı,,,n100,9599.0,3.4,https://www.hepsiburada.com/lenovo-ideapad-slim-3-intel-celeron-n100-4gb-128gb-windows-11-home-15-6-fhd-tasinabilir-bilgisayar-82xb009gtx-pm-hbc00008o183i,tn,lpddr5,hepsiburada,FHD,128.0,windows home,1920x1080,onboard,onboard,"lenovo ideapad slim 3 intel celeron n100 4gb 128gb windows 11 home 15.6"" fhd taşınabilir bilgisayar 82xb009gtx"
13.0,,casper,titanyum gri,2025-12-17 11:02:59,integrated,,32.0,intel core i7,1024.0,16.0,2 kg ve altı,0.0,,13620h,33899.0,4.9,https://adservice.hepsiburada.com/event/api/v1/track?event=otnnadu5cgwzqujnrtgvd3ditvhrngcwqu9drxpqtlrrbmnjzvrwb0xhz0zjqln4eun6c3rhy29wmetvswpksepzk28wsvirck5ynet5bfvnwwzqblg3nth0bnarnmzuqucyzhliuwyrbuneylzqaud4utk1bxrprxfwzevlzdn1rhztoencaws2mjl1wkhzaxptuvvjm1dyb2pxblivtmleoep1au9amzhynne1ny9aathnu0tiae4vaelvqm9gykrqnuo5l0d1nxzsv0nhbfryytrszjzvvjrjzg5dtzvmvfrkwkk4s0rob3fmd3fpuuzjk1pmv0zwtzdxwvvozwhhrw1mz1duay9oamrnrhntrlbjaxvubwppvg9sbxpnq1ermlduuxr1nzcvsmhcnla1dm1uzwjobulty0xls2tpqnd2azbvahd6merrvuyzru1hk01vk2tdwmfpcmrtnxdtbnpybss3vef3chlmzlhxwg8zuxhjdtk4ckvnsg9zzm1kwuxxwdnvuzr3zhlkdes5nlnsswqvt3byq1dhkzzrm05nmstfcmlnbzrrdenzr3a2wncznldjykzhcc9ru0nveujmdtniejy5k0q1wjfsovjpcddyy0vvuxzinwtkse5xc01xwwl2ve5ltut2a1h1zxpmdmhdslq3ehzkaujpauk1vfh0ukhiuxnpr0laqmxns2fuegjubxfstknrujnaze1ma2fp&redirect=https%3a%2f%2fwww.hepsiburada.com%2fcasper-nirvana-s100-300nit-i7-13620h-32gb-ddr5-1tb-ssd-16-freedos-laptop-s100-1362-df00x-g-f-p-hbcv00007xo5vn%3fmagaza%3dcasper+excalibur&eventname=sp-click&platform=desktop,ips,ddr5,hepsiburada,,,freedos,1920x1200,intel graphics,paylaşımlı,"casper nirvana s100 300nit i7-13620h 32gb ddr5 1tb ssd 16"" freedos laptop s100.1362-df00x-g-f"
13.0,,casper,siyah,2025-12-17 11:03:01,dedicated_high_end,oyun ve eğlence,32.0,intel core i7,1024.0,16.0,2 - 4 kg,8.0,165.0,13620h,57499.0,4.9,https://www.hepsiburada.com/casper-excalibur-g915-intel-core-i7-13620h-32gb-1tb-ssd-rtx5060-freedos-16-165hz-tasinabilir-bilgisayar-g915-1362-df60x-c-pm-hbc00009qzqbp,ips,ddr5,hepsiburada,full hd,,freedos,1920x1200,nvidia geforce rtx 5060,gddr7,"casper excalibur g915 intel core i7 13620h 32gb 1tb ssd rtx5060 freedos 16"" 165hz taşınabilir bilgisayar g915.1362-df60x-c"
13.0,,msi,siyah,2025-12-17 11:03:03,dedicated_high_end,oyun ve eğlence,16.0,intel core i5,512.0,15.6,1 - 2 kg,6.0,144.0,intel core i5,36599.0,4.6,https://www.hepsiburada.com/msi-cyborg-15-a13ve-1252xtr-intel-core-i5-13420h-16gb-512gb-ssd-rtx4050-freedos-15-6-fhd-tasinabilir-bilgisayar-pm-hbc00006iuw8w,tn,ddr5,hepsiburada,full hd,,freedos,1920x1080,nvidia geforce rtx 4050,gddr6,"msi cyborg 15 a13ve-1252xtr intel core i5 13420h 16gb 512gb ssd rtx4050 freedos 15.6"" fhd taşınabilir bilgisayar"
8.0,,gameraider,"siyah, siyah",2025-12-17 11:03:07,dedicated_high_end,oyun ve eğlence,16.0,amd ryzen 9,1024.0,16.0,"2,2 kg",8.0,180.0,8940hx,60999.0,5.3,https://adservice.hepsiburada.com/event/api/v1/track?event=m21swwlqyvfmddflvwhqdharyxzkskk2vek1blbty243nmvatmjhy3ftoflhwwf2snvprfqxc3btu3lir01nru94c29jnjluvtvpkzhmtk4zz2w4ug1rtu9wehjsofowsdjirjz6wtewm3jqcwhtzw0yk0llrfftazb3cklzc2tkvxhuvny1z1vwrkyrm0zcugf3dkr0ujivrfhuuehuynnqbxbychnim2xhdjluwhnodw5eujfbd3e2r0rudlq4dkljsmk4vkrvc0diwwpioc9gbwflvtdkswzhsvnqtm9vwktydgtcetjxrhq3zvfaznlxvuzwm2zntetdbmg0aezzum5wmfqyrmllvxd3b3lzaegzdlfybexruff6vur3etbsk3dtzjzeofnoum11k1kxvtzxq0lrmmnsy3lsekneenpfwjhqthfty1bknwhpaha4t1rgc2f2ogh6ruk3tkdrzkqzr2rhzhnhsnzvmux6zhzoustqbfzlt3lhqjivbg1jehdfaxdftwyys0s1t1c2mldpsyttbge3udvhewh0oedebxpleln4wxyxulq2dnqyn1y5vhrkak15eu9odknxaxdlweztywnpuvzwwstwr2fqowpcv0xmbvaxywiynvb4rvq2qlyrafrpcdnnrgdpz0lvcjcvu2hyzjj0mmvis3dvsnboblnutdaxrjhjl2dcq2zmcm9sl2ninxdwuvk2exjwt0lm&redirect=https%3a%2f%2fwww.hepsiburada.com%2fgameraider-flux-gr16-amd-ryzen-9-8940hx-16gb-ddr5-1tb-ssd-rtx-5060-8gb-115w-16-inc-2-5k-qhd-180hz-freedos-gaming-laptop-p-hbcv0000b0jrh4%3fmagaza%3dbeta+plus+teknoloj%c4%b0&eventname=sp-click&platform=desktop,,ddr5,hepsiburada,qhd+,,freedos,2560x1600,nvidia geforce rtx 5060,gddr7,gameraider flux gr16 amd ryzen 9-8940hx 16gb ddr5 1tb ssd rtx 5060 8gb 115w 16 inç 2.5k qhd+ 180hz freedos gaming laptop
13.0,,casper,gri,2025-12-17 11:03:12,dedicated_high_end,,64.0,intel core i7,,15.6,2 - 4 kg,8.0,165.0,13620h,85199.0,2.4,https://adservice.hepsiburada.com/event/api/v1/track?event=rfpvcwvzdktkunhowxp1ueezwxkyk1njmtnquwffb0jqumxkzfnxwxlwunrlbejirxfuv29ybnf3bsttudhvnmn6ztz1umt1dxhmrgw3vuh2wdvcvm95afj2zmvhzfl3sulzn21xt0pwtktgclhbvm11n0hmr3hmunlzc3dgd2q4wstgnvjpwdjvsvltwhhovtfgq1z1vetyyujzdxz1dww3lzhxwkwxzmnuz002tctztyt3wmhlkytfsmi4sxdwv0rtvuxoq1u2nvfqewtyclpir0t1mxh0r0d2t1rwmhu3ngjqyytyuzv5r0ztdefkwufmzfjunhg2s0qwovkvbedcyuy0ruvrqvdmmhzgukzingxtu2vsr3lsegmzuwfkc3nwcdb3d2xvsfvhtmc2u0nvz3m4qjv5v3jrynbkme5gzmd2k3heywxza1vryjzhwufxrkthtdndv2x6re1nb1zzdxniykhnshp2zeu3svj3mitangorvtr6uu91k203q0tkndc2efawylnlrm9sath5bgr3zzvrblnzmeq2zzrwwhhybmjsykp2owf6twflb095es9hm3ywujbqvgrktkvqumwvbxzsqmn2qxdkvedsc3d1mg93z0hmrzi1rnqrchdlse9osnc3uwlyk1lxqzhzyjj4mutqmtnpbnjsovhgtdduakrvtlkytlh3d0gvm2rqvu01t1ozuhhiuu8xthlsv3hnwg8=&redirect=https%3a%2f%2fwww.hepsiburada.com%2fcasper-excalibur-g870-i7-13620h-64gb-2tb-8gb-rtx5070-165hz-15-6-freedos-tasinabilir-bilgisayar-g870-1362-ex70x-c-p-hbcv00008wf6ti%3fmagaza%3dcasper+excalibur&eventname=sp-click&platform=desktop,ips,ddr5,hepsiburada,,,freedos,1920x1080,nvidia geforce rtx 5070,gddr7,"casper excalibur g870 i7-13620h 64gb 2tb 8gb rtx5070 165hz 15.6"" freedos taşınabilir bilgisayar g870.1362-ex70x-c"
13.0,,msi,"gri, gri",2025-12-17 11:03:15,dedicated,oyun ve eğlence,16.0,intel core i5,512.0,15.6,2 kg ve altı,4.0,144.0,intel core i5,30798.99,4.6,https://www.hepsiburada.com/msi-thin-15-b13uc-3074xtr-intel-core-i5-13420h-16gb-512gb-ssd-rtx3050-freedos-15-6-fhd-144hz-tasinabilir-bilgisayar-pm-hbc00008qm2jk,,ddr4,hepsiburada,full hd,,freedos,1920x1080,nvidia geforce rtx 3050,gddr6,"msi thin 15 b13uc-3074xtr intel core i5 13420h 16gb 512gb ssd rtx3050 freedos 15.6"" fhd 144hz taşınabilir bilgisayar"
12.0,,huawei,gri,2025-12-17 11:03:19,integrated,,8.0,intel core i5,512.0,14.0,1 - 2 kg,0.0,,intel core i5,23749.95,4.4,https://www.hepsiburada.com/huawei-matebook-d14-2024-intel-core-i5-12450h-8gb-512gb-ssd-windows-11-home-14-ips-tasinabilir-bilgisayar-pm-hbc00005wjbqu,ips,,hepsiburada,,,windows home,1920x1080,paylaşımlı,onboard,"huawei matebook d14 2024 intel core i5 12450h 8gb 512gb ssd windows 11 home 14"" ips taşınabilir bilgisayar"
13.0,8.0,lenovo,gri,2025-12-17 11:03:22,integrated,ofis ve i̇ş,16.0,intel core i5,512.0,16.0,2 kg ve altı,0.0,60.0,13420h,24999.0,4.6,https://www.hepsiburada.com/lenovo-ideapad-slim-3-16irh10-intel-core-i5-13420h-16gb-512gb-ssd-16-wuxga-1920x1200-ips-panel-freedos-tasinabilir-dizustu-bilgisayar-83k20073tr-pm-hbc00009p0zn3,ips,ddr5,hepsiburada,wuxga,,freedos,1920x1200,intel uhd graphics,paylaşımlı,"lenovo ideapad slim 3 16irh10 intel core i5-13420h 16gb 512gb ssd 16"" wuxga (1920x1200) ips panel freedos taşınabilir dizüstü bilgisayar 83k20073tr"
2.0,,casper,gri,2025-12-17 11:03:24,dedicated_high_end,,32.0,intel core,,15.6,2 - 4 kg,8.0,,210h,50799.0,4.8,https://www.hepsiburada.com/casper-excalibur-g870-intel-core-5-210h-32gb-1tb-rtx5060-freedos-15-6-tasinabilir-bilgisayar-g870-210h-df60x-c-pm-hbc000095ghir,ips,ddr5,hepsiburada,,,freedos,1920x1080,nvidia geforce rtx 5060,gddr7,"casper excalibur g870 intel core 5 210h 32gb 1tb rtx5060 freedos 15.6"" taşınabilir bilgisayar g870.210h-df60x-c"
14.0,,gameraider,"siyah, siyah",2025-12-17 11:03:28,dedicated_high_end,oyun ve eğlence,32.0,intel core i9,1024.0,16.0,2 - 4 kg,12.0,300.0,14900hx,85999.0,5.8,https://adservice.hepsiburada.com/event/api/v1/track?event=sxb3ac9trvuzy01otjcyr0x0dwpxa1dynm9ady9tyuftbxrfdkzecff2qmrjwc9bvxnwngnnczv5qxbedm9ozflecxgru3dou2ltbzfxn2vtsy81ajvjafzjclqvtkxpvmlkwnnxtjhzby9fqutcukjdzm1orwvzdkdrs1vootn5augxd0ltsedkugp6z0fuelp0ui9bvzlxvhq2zljhaejqbklyzjk3bk9pd2vhznnraitjcm02sjfdy3hcvdnbeuzgrlk1u2t1bk1kbdrlr0rrsllmmdbitmlirjbtmjzlnuhaq3hycgxmtlbgbzzyd0wvrghyejg2blzab2vdztnsmxp0y3n4owkxnjjfehjudhfhdlnoenjrmexjc0tzs2k0bgqratzentfsszf1r0votjbmbm50tgp4c1bvylfntnrlr3a1dtl6ce5rreyybjfrceiwczkywjdxqkpztitnnxryqzjpukjxbzrzu1fwnfzwmhgwmzcwt1e4mklrdhllz0rcqvvyshppmzvtu1zpbjdhkzjqbzazchlmem8vmnntbghjmuo3slrvrlfmruhoshdwmmrnwhj4cgoxrllqnfhoumvps0o1q3hosxhntjj0txhht2jksw9pelp0dla1du9hmdjuvlzdnuxvvudjcxl2vgwvywxzakv1tezrmktcrgg0cgx4anzuum1cbhvxtvruazftcth1nkjhovz0azzfaw8=&redirect=https%3a%2f%2fwww.hepsiburada.com%2fgameraider-ignia-gr16-intel-core-i9-14900hx-32gb-ddr5-1tb-ssd-rtx-5070ti-12gb-140w-16-inc-2-5k-qhd-300hz-freedos-gaming-laptop-p-hbcv0000ar2cls%3fmagaza%3dbeta+plus+teknoloj%c4%b0&eventname=sp-click&platform=desktop,,ddr5,hepsiburada,qhd+,,freedos,2560x1600,nvidia geforce rtx 5070ti,gddr7,gameraider ignia gr16 intel core i9-14900hx 32gb ddr5 1tb ssd rtx 5070ti 12gb 140w 16 inç 2.5k qhd+ 300hz freedos gaming laptop
13.0,,lenovo,gri,2025-12-17 11:03:31,dedicated_high_end,,16.0,intel core i7,512.0,15.6,2 - 4 kg,8.0,144.0,13700hx,49999.0,5.0,https://www.hepsiburada.com/lenovo-loq-intel-core-i7-13700hx-16gb-512gb-ssd-rtx5050-freedos-15-6-tasinabilir-bilgisayar-83je00wgtr-pm-hbc0000azcran,ips,ddr5,hepsiburada,full hd,,freedos,1920x1080,nvidia geforce rtx 5050,gddr7,"lenovo loq intel core i7 13700hx 16gb 512gb ssd rtx5050 freedos 15.6"" taşınabilir bilgisayar 83je00wgtr"
13.0,,casper,gri,2025-12-17 11:03:37,dedicated_high_end,,32.0,intel core i7,,15.6,2 - 4 kg,8.0,165.0,13620h,59999.0,2.4,https://adservice.hepsiburada.com/event/api/v1/track?event=rzluctrieetzotezzenprffsejryl04ybtqznlzmbudjb1a0c0hlk0vjvetrvlzfdvk0nepcs2cxrfjkm29xveixrlnaoxu5d3zrv3rmbs9vrhc2rc91ug1yc0ttdnves0pite5lmwpsvwtjcepewvdcnmf1bw8rrwftce5ab0ftsi85tkvhmw1pcvbkzgreshrgmermtmwrudbkyvv1bnlleepxr0fqogkxustwvhp6mgdnowxszho0qkfazkn0evhjdke0wi9mt0vsk1u0ohrwevc5rnp0ww84qtjjckfsu052sfjudtfldvzqmdvrenjiuvrsl0ppu1hgzwrtsxrstur0benwm1iwvgzit1kxy051b3zvm0h4q29kdw01yvjvtxgvdnz5rtduy25xanorrghdzjdkz1ixl1kzwjvhn2vtvxlqbhhym3zqwwznmgdkb1g2uuxkq1vktkjdbzf3y2vtq1dxb3fzmzj1vvphyjnpv1vgzzbknxpwzuxjowlcztzusmvbyk5ecxnsm2llrjzqazrcuzm5ae5vsndoajrpbkjjaxpmogzqrjhrd2luutjjmvq1nxu1vlzbsw9wedfqyw9ibug3bufbti9qnhdawmvwu0dtmdfqmtrzwwlsvu1ychnkdhjzqjlqm1hoq0dlagxkdnnhngvfb0ftr1jwqupnqlbosnvavljju1rqymxovtzpaitnvupquzbwsevumwdfqjvlstewek5mukg2cdrll1j1qww=&redirect=https%3a%2f%2fwww.hepsiburada.com%2fcasper-excalibur-g870-i7-13620h-32gb-1tb-8gb-rtx5060-165hz-15-6-freedos-tasinabilir-bilgisayar-g870-1362-df60x-c-p-hbcv00008wf74z%3fmagaza%3dcasper+excalibur&eventname=sp-click&platform=desktop,ips,ddr5,hepsiburada,,,freedos,1920x1080,nvidia geforce rtx 5060,gddr7,"casper excalibur g870 i7-13620h 32gb 1tb 8gb rtx5060 165hz 15.6"" freedos taşınabilir bilgisayar g870.1362-df60x-c"
,,msi,"gri, gri",2025-12-17 11:03:39,dedicated_high_end,,32.0,intel core ultra 9,,16.0,2 - 4 kg,8.0,240.0,275hx,89999.0,5.4,https://adservice.hepsiburada.com/event/api/v1/track?event=tzdck0j1ow80bytnrwlowlnkqvrlnvhpsc9wqturdtvltvnjv0llefqymky0cxrxwgn1b3fycjdishpxuu1omtnizfrwwkngslbtz3h1tehrnulzvhdoskd1uxheqtjzewzneljkag91akhueg42wgovt1rvyzznetc3rzfxditiuko3wm1dbk0zyky1evd6y1rou3h3l2e1wtirdzuyqk9bckjpaedcehrmqkp0egkvsvfquhzuc1q1k3bmlzzouxpwbvrhuk13k0nmvtfuewjcrjc1nuh2uu9ztnzhutj6rwpqnlzsofnnzjfoogvez2qvqu04uet1ufvdne5gsstpn1rrn2s1dvy4dnrlawdrqjjquunqc3vvaetyde9mcstqamfsclryauphajvysdrvaerwnza1cwxwwnvuq2z5budtvs9tsfe2wllpwuc5zgtbrndobmz5rkpsn3jwogdoq09rcw1obmxqyvjtsffsv3jxajznqjc2zdzvwujqbuzwwxdsl3zht1jlovhiwu4rwtrat1redghzdg5wvvgyvnfadvlhuhjmblrrwkyyy052d3pvymdpu2jlnujztfk2tlo4b2xzuulzmlvlalzqqwt5m2pveugzdfzoymcwui9zvs95uvqraljgchhfactouzndazfra2z2nvrxyzhpamxkqtlsqxvsuxrtuk96mm1dtupwmzh4t0lasktgrzforgtxq0r2b2n5ujlqynfpndj5ynjmy1h3ze8=&redirect=https%3a%2f%2fwww.hepsiburada.com%2fmsi-crosshair-16-hx-ai-d2xwgkg-047xtr-intel-core-ultra-9-275hx-32gb-1tb-ssd-rtx5070-freedos-16-qhd-240hz-tasinabilir-bilgisayar-p-hbcv00008ragz8%3fmagaza%3dteknorya&eventname=sp-click&platform=desktop,,ddr5,hepsiburada,qhd+,,freedos,2560x1600,nvidia geforce rtx 5070,gddr7,"msi crosshair 16 hx ai d2xwgkg-047xtr intel core ultra 9 275hx 32gb 1tb ssd rtx5070 freedos 16"" qhd+ 240hz taşınabilir bilgisayar"
13.0,,asus,,2025-12-17 11:03:42,dedicated,,16.0,intel core i7,512.0,15.6,2 - 4 kg,8.0,144.0,intel core i7,50499.0,4.9,https://www.hepsiburada.com/asus-tuf-gaming-f15-fx507vv-lp139-intel-core-i7-13620h-16gb-512gb-ssd-rtx4060-freedos-15-6-fhd-tasinabilir-bilgisayar-pm-hbc000063unrg,ips,ddr5,hepsiburada,full hd,,freedos,1920x1080,nvidia geforce rtx 4060,gddr6,"asus tuf gaming f15 fx507vv-lp139 intel core i7 13620h 16gb 512gb ssd rtx4060 freedos 15.6"" fhd taşınabilir bilgisayar"
14.0,,game garaj,"gri, gri",2025-12-17 11:03:44,dedicated_high_end,oyun ve eğlence,32.0,intel core i7,1024.0,16.0,2 - 4 kg,8.0,180.0,14650hx,60999.0,5.2,https://www.hepsiburada.com/game-garaj-slayer-x7t-5060-c2-intel-core-i7-14650hx-32gb-ram-1tb-ssd-rtx5060-16-qhd-180hz-ips-freedos-oyuncu-laptop-p-hbcv00009meibk,ips,ddr5,hepsiburada,qhd+,,freedos,2560x1600,nvidia geforce rtx 5060,gddr7,"game garaj slayer x7t-5060 c2 intel core i7 14650hx 32gb ram 1tb ssd rtx5060 16"" qhd+ 180hz ips freedos oyuncu laptop"
13.0,,msi,siyah,2025-12-17 11:03:48,dedicated_high_end,,16.0,intel core i5,,15.6,1 - 2 kg,6.0,144.0,intel core i5,37799.0,4.6,https://www.hepsiburada.com/msi-cyborg-15-a13ve-1478xtr-intel-core-i5-13420h-16gb-1tb-ssd-rtx4050-freedos-15-6-fhd-144hz-tasinabilir-bilgisayar-pm-hbc00006y8kxn,tn,ddr5,hepsiburada,full hd,,freedos,1920x1080,nvidia geforce rtx 4050,gddr6,"msi cyborg 15 a13ve-1478xtr intel core i5 13420h 16gb 1tb ssd rtx4050 freedos 15.6"" fhd 144hz taşınabilir bilgisayar"
,,lenovo,"gri, gri",2025-12-17 11:03:50,integrated,ev kullanıcıları - öğrenci,16.0,amd ryzen 5,512.0,15.6,2 kg ve altı,,,5625u,19499.0,4.3,https://www.hepsiburada.com/lenovo-ideapad-slim-3-amd-ryzen-5-5625u-16gb-512gb-ssd-freedos-tasinabilir-bilgisayar-15-6-fhd-tasinabilir-bilgisayar-82xm00pwtx-pm-hbc00008o18wj,tn,ddr4,hepsiburada,full hd,,freedos,1920x1080,onboard,onboard,"lenovo ideapad slim 3 amd ryzen 5 5625u 16gb 512gb ssd freedos 15.6"" fhd taşınabilir bilgisayar 82xm00pwtx"
14.0,,msi,"siyah, siyah",2025-12-17 11:03:53,dedicated_high_end,,32.0,intel core i9,,17.3,2 - 4 kg,8.0,240.0,14900hx,92999.0,5.8,https://adservice.hepsiburada.com/event/api/v1/track?event=ynbuytrqtjbjdxvrwkdwtmeycjdzdkfedgwrzhnrbm1vqnbpsuzuodhxu0dmatdmuujwckpvrgzpum9qufl4tgvhyw5zsdy1yvdiqtnpq3pmd2duddfwt0fgd3n0z2u1twhkculoy2faay82atrytw84vtjoqw1va2hveuvtbdrlsdfhynndu0vmdu1obm5tqjjcaknxrgz4dkxqslnsehbkehljmtb6vxvlc0w5avvmmezqcghmwmzbakw3udcra1p3au00mnrgl2lxuhfzb2ddyzzzn2jhulj2sfnety8xs3bhvfl3nwm2qvozwflsdhlrtktus0qxcgtfoes1ehhmn1nis09poujsnenrnlg2sgg3l3hvnexhewxquw5hvm83qjb4rgo2u2uvb2fgyur6ogrvm1jzrnc2d1y2vfkwsuppbkyxegtodxhmrjhvszhizg5gdevsagr0bgh4zvztsnpta1lmchztzmhrzyterexqqldzse5ttevimwziyldirtgvuko0ckxomgjqm3ziznvnwctochj4czzlmwftzevjl3a2cghqqme2l0pqnst3k2tjztloz0t3dfrntxe2wlhxuef3dkm0tjr2u0lhvfdjrvj3qkg2bytnm29oeljktlfabjlcb1j5btfeekwwwlnwdkvzaeswa1fpnfpkys83mulxmljyb2hpb0jlvehom3vnofbxywhzqkrzuhrnamvsqvfmde9mytfvaun0q2v4charvkfdb09nuq==&redirect=https%3a%2f%2fwww.hepsiburada.com%2fmsi-katana-17-hx-b14wgk-048xtr-intel-core-i9-14900hx-32gb-1tb-ssd-rtx5070-freedos-17-3-qhd-240hz-tasinabilir-bilgisayar-p-hbcv00008xz31y%3fmagaza%3dgpnteknoloji&eventname=sp-click&platform=desktop,,ddr5,hepsiburada,qhd,,freedos,2560x1440,nvidia geforce rtx 5070,gddr7,"msi katana 17 hx b14wgk-048xtr intel core i9 14900hx 32gb 1tb ssd rtx5070 freedos 17.3"" qhd 240hz taşınabilir bilgisayar"
13.0,14.0,lenovo,gri,2025-12-17 11:03:55,dedicated_high_end,oyun ve eğlence,24.0,intel core i7,512.0,15.6,2 - 4 kg,8.0,144.0,13650hx,56999.0,4.9,https://www.hepsiburada.com/lenovo-loq-intel-core-i7-13650hx-24gb-512gb-ssd-rtx5060-freedos-15-6-fhd-144hz-oyuncu-tasinabilir-bilgisayar-83je00ertr-pm-hbc00009pykx2,ips,ddr5,hepsiburada,full hd,,freedos,1920x1080,nvidia geforce rtx 5060,gddr7,"lenovo loq intel core i7 13650hx 24gb 512gb ssd rtx5060 freedos 15.6"" fhd 144hz oyuncu taşınabilir bilgisayar 83je00ertr"
13.0,,casper,gri,2025-12-17 11:04:00,dedicated_high_end,,64.0,intel core i7,,15.6,2 - 4 kg,8.0,165.0,13620h,75099.0,2.4,https://adservice.hepsiburada.com/event/api/v1/track?event=egvxdfbtvtvsrnvdzna2kzzbavrfthi0cnrtcevlwmdknvfebk8vwfhkvwtmt25xczlgb0xvuwfxmvy1bxdzaxltk1frwtlwujrlsk1ruze2z0jsstzwbllzu0nrdfnpnurozfv4we1nbjndnxhzrzbuawjgdhrkm2rmkzzlnjrommpxy01trzbxb3vzogc1bfnyymp6dmlwsvvlrdvusviwte1psgz6mxy4bg9hq2xxnzg5bfjketexmlhosc9rdllxzkpovstqwuh5yvn3rk5zvwprl2l3ak8wsjnnvmryahvschnfnlpdzkwxcmc0ynpxzuzjowuxrtc2cho3rvjsdeflvutjtmr0bvh3zgcrae15y2vtbm5rqityd0nkeuzrbc9ubdbmr2zvali4albqcvhgyxzlalhpvld6s0lsz3fkmuvuehbkt1cwb0ljd3bluitoqzvkowpragg0ckk2suzqclkxdknpnutlk0hcl3loejzhuxjnvkpjyzzkb1nwalz3v09oukvbv3lnwgjkvhlzvwpvz2crzzr6cnu4ris3mhbpszdsehb3mw10d0fiwllnk0hwtdddou9gddzwz2vvrtg0tvy0nvcxunfjv0zsbe51v1ryzzlzewjlutzsvzzpbej5n21intzicxzyuvvgk3jlnfzjs1vone9mtvazymvky0wrtflmvhf2wssyqzgzelr6dezrz0lyudzrb1nvthbt&redirect=https%3a%2f%2fwww.hepsiburada.com%2fcasper-excalibur-g870-i7-13620h-64gb-2tb-8gb-rtx5060-165hz-15-6-freedos-tasinabilir-bilgisayar-g870-1362-ex60x-c-p-hbcv00008wf69m%3fmagaza%3dcasper+excalibur&eventname=sp-click&platform=desktop,ips,ddr5,hepsiburada,,,freedos,1920x1080,nvidia geforce rtx 5060,gddr7,"casper excalibur g870 i7-13620h 64gb 2tb 8gb rtx5060 165hz 15.6"" freedos taşınabilir bilgisayar g870.1362-ex60x-c"
13.0,,casper,siyah,2025-12-17 11:04:02,dedicated_high_end,oyun ve eğlence,64.0,intel core i7,,16.0,2 - 4 kg,8.0,165.0,13620h,85099.0,4.9,https://adservice.hepsiburada.com/event/api/v1/track?event=uxp0skzoqukxystwanzdawvgbuvdckn4ru1yahpwogzrmy9daddhk3l0qmdorgvzrmlfmhvmd3fdv0xzrzfan2exue14bgqyveplynpscjczb2ruew5xt2ftvkr1u3jhk0vnzudwwwhknzfpnhzkws8vz25uvwk5tlzuanpsq0k1zwpqohn4bdu3cgttl3hobzv1bg1mbuljuljitxlkclm3u3nnbmkvnmlstzvpqnvkrvhoekxtsfppmkh1ek5kkzrownhec2l6aw0xyzbnme1qa3b6dejvzeg5bw1qsln2ukvdzuixzmq5qw1uz1vpze45r0grzdnok0mwy0zjelpxl0yzehzzq1lrdwfyvtbswk1ptmtrzjncvddmd1jnn290c2jxumdvmw9uakxwd3owtjfxyw5veleyzzfocksvs3eyzljyblixyunsskdqsklwdhd6cujzz285vhntvmxbc0jwovdfekrsq3dhovr3whveb2lqukm2anvwkzb1wklocujseg4rbgnwakhkvthhzlncrvnbykp3m2h1uwnfb21nk2irutn1z1zft1frslfsslpnu2flykzsvefjuvflamffuhlirtrrd0lxshv3y0lhbgjtwetystzbvuw1neg0mgs4ekhquurcwwrpum5zdwviatzfck1ztgtrwgvtwu1yugrvytjnu29lwc9tuffwn2xmt1p2cufrdxlub2wwzdjos1bfrmfjnlhqv2dmd21onu9dr0krnug=&redirect=https%3a%2f%2fwww.hepsiburada.com%2fcasper-excalibur-g915-i7-13620h-64gb-2tb-8gb-rtx5070-165hz-16-freedos-gaming-laptop-g915-1362-ex70x-c-p-hbcv00009qzppm%3fmagaza%3dcasper+excalibur&eventname=sp-click&platform=desktop,ips,ddr5,hepsiburada,full hd,,freedos,1920x1200,nvidia geforce rtx 5070,gddr7,"casper excalibur g915 i7-13620h 64gb 2tb 8gb rtx5070 165hz 16"" freedos gaming laptop g915.1362-ex70x-c"
,,lenovo,gri,2025-12-17 11:04:27,integrated,,4.0,other,128.0,15.6,2 kg ve altı,0.0,,,9599.0,3.4,https://www.hepsiburada.com/lenovo-ideapad-slim-3-intel-celeron-n100-4gb-128gb-ssd-windows-11-home-15-6-tasinabilir-bilgisayar-82xb009htx-pm-hbc00007gps68,tn,,hepsiburada,,,windows home,1920x1080,intel uhd graphics,paylaşımlı,"lenovo ideapad slim 3 intel celeron n100 4gb 128gb ssd windows 11 home 15.6"" taşınabilir bilgisayar 82xb009gtx"
13.0,,casper,siyah,2025-12-17 11:04:30,dedicated_high_end,oyun ve eğlence,24.0,intel core i7,,16.0,2 - 4 kg,8.0,165.0,13620h,68999.0,4.9,https://adservice.hepsiburada.com/event/api/v1/track?event=ceywd3m1c1owc2tfwwi1otfxv29bb0fjtvm1z25hk1dxv0fldhzpng91swvfugxnre0zmepyahjrzjvhr2jpzwjjshvlowlcntfvc1f1udu1actvm1fit0haegjtdwzpmffatxrismltq3dtrw1ccjboafvru2d5u3lnb2zsdhczdzbnucttdezyrnjgb0f2smphc0h4qxzumfnssstwzwjfywhmk21odhhyenzozwvyv21fmc9cs3y3ywzfdk5kexrhdc8yrzv3dumvsxb3mtblv2jybgj2ulrtcknloeiyc0p2zgdql1a1zhpttzh6ce5rsehztstmmffgsmtpzgl1qunpctl6dur3owppsnmvrmmvzgfznhzvog9nuvjgdytpcvvannzmujmxufphujjar1rnakjxc3pkevpyakxwnc81axk1z2dlwxvtdg5ry2f2s1qxqmv0vefqtmdnr2x2zfjjoerxy284nkg1c2xgsulpzlk1dxzpqlrnbkdic2s2nlzqrti4am1ybvfyd0hudlkzv3zmkzu4vtvswuuytulzvmd2mm9tymzxutnmnxpjsfpvrwnty0s4m1rlzghqrgfboxuxd2h3cefxl2pnqk1pvnv1r3jhr2plmevielrsu1ndykzzymjea0ppcwm2qkl0b25xvjhxv3m3yxrpdvhqznfmakc2k1jsl1i4owxibvldoutwrwdtc2p1zjnusnj0yldx&redirect=https%3a%2f%2fwww.hepsiburada.com%2fcasper-excalibur-g915-core-i7-13620h-24gb-1tb-8gb-rtx5070-16-freedos-gaming-laptop-g915-1362-cf70x-c-p-hbcv0000aatbsd%3fmagaza%3dcasper+excalibur&eventname=sp-click&platform=desktop,ips,ddr5,hepsiburada,full hd,,freedos,1920x1080,nvidia geforce rtx 5070,gddr7,"casper excalibur g915 core i7-13620h 24gb 1tb 8gb rtx5070 16"" freedos gaming laptop g915.1362-cf70x-c"
12.0,,lenovo,"gri, gri",2025-12-17 11:04:32,dedicated,oyun ve eğlence,24.0,intel core i5,512.0,15.6,2 - 4 kg,6.0,144.0,12600hx,42749.05,4.6,https://www.hepsiburada.com/lenovo-loq-intel-core-i5-12600hx-24gb-512gb-ssd-rtx4050-freedos-15-6-ips-144hz-tasinabilir-bilgisayar-83gs00p6tr-pm-hbc000089c0hi,ips,ddr5,hepsiburada,full hd,,freedos,1920x1080,nvidia geforce rtx 4050,gddr5,"lenovo loq intel core i5 12600hx 24gb 512gb ssd rtx4050 freedos 15.6"" ips 144hz taşınabilir bilgisayar 83gs00p6tr"
,,asus,siyah,2025-12-17 11:04:35,dedicated,,16.0,intel core i5,512.0,16.0,2 - 4 kg,6.0,,210h,43699.0,4.8,https://www.hepsiburada.com/asus-tuf-gaming-fx607vu-rl017-intel-core-5-210h-16gb-512gb-ssd-rtx4050-freedos-16-tasinabilir-bilgisayar-pm-hbc000086t6th,ips,ddr5,hepsiburada,,,freedos,1920x1200,nvidia geforce rtx 4050,gddr6,"asus tuf gaming fx607vu-rl017 intel core 5 210h 16gb 512gb ssd rtx4050 freedos 16"" taşınabilir bilgisayar"
7.0,,hp,,2025-12-17 11:04:38,dedicated_high_end,,16.0,amd ryzen 7,,15.6,2 - 4 kg,8.0,,8840h,42999.0,5.1,https://www.hepsiburada.com/hp-victus-gaming-laptop-15-fb2003nt-amd-ryzen-7-8840h-16gb-1tb-8gb-rtx4060-15-6-freedos-a05ngea-pm-hbc00006bxnwn,ips,ddr5,hepsiburada,,,freedos,1920x1080,nvidia geforce rtx 4060,gddr6,hp victus gaming laptop 15-fb2003nt amd ryzen 7-8845hs 16gb 1tb 8gb rtx4060 15.6 freedos a05ngea
13.0,8.0,lenovo,"gri, buz mavi",2025-12-17 11:04:42,integrated,ofis ve i̇ş,8.0,intel core i5,512.0,15.6,2 kg ve altı,0.0,,13420h,19942.47,4.6,https://www.hepsiburada.com/lenovo-ideapad-slim-3-intel-core-i5-13420h-8gb-512gb-ssd-freedos-15-6-fhd-tasinabilir-bilgisayar-83em00c7tr-pm-hbc00009ppgdy,ips,lpddr5,hepsiburada,full hd,,freedos,1920x1080,onboard,onboard,"lenovo ideapad slim 3 intel core i5 13420h 8gb 512gb ssd freedos 15.6"" fhd taşınabilir bilgisayar 83em00c7tr"
14.0,,msi,"siyah, siyah",2025-12-17 11:04:45,dedicated_high_end,oyun ve eğlence,16.0,intel core i7,,15.6,2 - 4 kg,8.0,165.0,14650hx,68999.0,5.2,https://www.hepsiburada.com/msi-katana-15-hx-b14wgk-068xtr-intel-core-i7-14650hx-16gb-1tb-ssd-rtx5070-freedos-15-6-qhd-165hz-tasinabilir-bilgisayar-pm-hbc00008raesl,,ddr5,hepsiburada,qhd,,freedos,2560x1440,nvidia geforce rtx 5070,gddr7,"msi katana 15 hx b14wgk-068xtr intel core i7 14650hx 16gb 1tb ssd rtx5070 freedos 15.6"" qhd 165hz taşınabilir bilgisayar"
13.0,,casper,gri,2025-12-17 11:04:49,dedicated_high_end,,32.0,intel core i7,,15.6,2 - 4 kg,8.0,165.0,13620h,62799.0,2.4,https://www.hepsiburada.com/casper-excalibur-g870-intel-core-i7-13620h-32gb-1tb-ssd-rtx5070-freedos-15-6-165hz-tasinabilir-bilgisayar-g870-1362-df70x-c-pm-hbc00008wf75i,ips,ddr5,hepsiburada,,,freedos,1920x1080,nvidia geforce rtx 5070,gddr7,"casper excalibur g870 intel core i7 13620h 32gb 1tb ssd rtx5070 freedos 15.6"" 165hz taşınabilir bilgisayar g870.1362-df70x-c"
13.0,14.0,game garaj,"gri, gri",2025-12-17 11:04:54,dedicated_high_end,oyun ve eğlence,32.0,intel core i5,1024.0,16.0,2 - 4 kg,8.0,165.0,13500hx,48999.0,4.7,https://www.hepsiburada.com/game-garaj-slayer-x5t-5050-c2-intel-core-i5-13500hx-32gb-ram-1tb-ssd-rtx5050-16-wuxga-165hz-ips-freedos-oyuncu-laptop-p-hbcv00009mmku9,ips,ddr5,hepsiburada,wuxga,,freedos,1920x1200,nvidia geforce rtx 5050,gddr7,"game garaj slayer x5t-5050 c2 intel core i5 13500hx 32gb ram 1tb ssd rtx5050 16"" wuxga 165hz ips freedos oyuncu laptop"
,8.0,lenovo,gri,2025-12-17 11:04:57,integrated,ofis ve i̇ş,8.0,amd ryzen 7,512.0,15.6,2 kg ve altı,0.0,,ryzen 7,17953.93,4.5,https://www.hepsiburada.com/lenovo-ideapad-slim-3-amd-ryzen-7-5825u-8gb-512gb-ssd-freedos-15-6-fhd-tasinabilir-bilgisayar-82xm00u8tx-pm-hbc00009pognp,tn,ddr4,hepsiburada,full hd,,freedos,1920x1080,onboard,onboard,"lenovo ideapad slim 3 amd ryzen 7 5825u 8gb 512gb ssd freedos 15.6"" fhd taşınabilir bilgisayar 82xm00u8tx"
7.0,,lenovo,"gri, gümüş",2025-12-17 11:05:01,dedicated_high_end,oyun ve eğlence,24.0,amd ryzen 5,512.0,15.6,2 - 4 kg,6.0,144.0,7235hs,32999.0,4.2,https://www.hepsiburada.com/lenovo-loq-amd-ryzen-5-7235hs-24gb-512gb-ssd-rtx3050-freedos-15-6-fhd-144hz-oyuncu-tasinabilir-bilgisayar-83jc00dxtr-pm-hbc000087zhh4,ips,ddr5,hepsiburada,full hd,,freedos,1920x1080,nvidia geforce rtx 3050,gddr6,"lenovo loq amd ryzen 5 7235hs 24gb 512gb ssd rtx3050 freedos 15.6"" fhd 144hz oyuncu taşınabilir bilgisayar 83jc00dxtr"
13.0,,msi,"gri, gri",2025-12-17 11:05:04,integrated,ofis ve i̇ş,16.0,intel core i5,512.0,15.6,2 kg ve altı,0.0,60.0,1334u,22299.0,4.6,https://www.hepsiburada.com/msi-modern-15-f13mg-869xtr-intel-core-i5-1334u-16gb-512gb-ssd-freedos-15-6-fhd-tasinabilir-bilgisayar-pm-hbc0000ahx845,,ddr4,hepsiburada,fhd,,freedos,1920x1080,intel iris xe graphics,onboard,"msi modern 15 f13mg-869xtr intel core i5 1334u 16gb 512gb ssd freedos 15.6"" fhd taşınabilir bilgisayar"
,,hp,siyah,2025-12-17 11:05:30,dedicated_high_end,,16.0,amd ryzen 7,512.0,15.6,2 - 4 kg,4.0,,ryzen 7,31999.0,4.7,https://www.hepsiburada.com/hp-victus-gaming-15-fb3040nt-amd-ryzen-7-7445hs-16gb-512gb-ssd-rtx3050-freedos-15-6-tasinabilir-bilgisayar-bx9v1ea-pm-hbc0000ad4agb,led,ddr5,hepsiburada,,,freedos,1920x1080,nvidia geforce rtx 3050,gddr6,"hp victus gaming 15-fb3040nt amd ryzen 7 7445hs 16gb 512gb ssd rtx3050 freedos 15.6"" taşınabilir bilgisayar bx9v1ea"
13.0,,msi,"siyah, siyah",2025-12-17 11:05:33,dedicated_high_end,oyun ve eğlence,16.0,intel core i7,1024.0,17.3,2 - 4 kg,8.0,144.0,13620h,58999.0,4.9,https://www.hepsiburada.com/msi-cyborg-17-b13wfkg-091xtr-intel-core-i7-13620h-16gb-1tb-ssd-rtx5060-freedos-17-3-fhd-144hz-tasinabilir-bilgisayar-pm-hbc0000ahitkf,,ddr5,hepsiburada,full hd,,freedos,1920x1080,nvidia geforce rtx 5060,gddr7,"msi cyborg 17 b13wfkg-091xtr intel core i7 13620h 16gb 1tb ssd rtx5060 freedos 17.3"" fhd 144hz taşınabilir bilgisayar"
,,asus,gümüş,2025-12-17 11:05:38,integrated,ev kullanıcıları - öğrenci,8.0,amd ryzen 5,512.0,15.6,2 kg ve altı,0.0,60.0,ryzen 5,17479.05,4.3,https://www.hepsiburada.com/asus-vivobook-go-15-e1504fa-nj1759-amd-ryzen-5-7520u-8gb-512gb-ssd-freedos-15-6-tasinabilir-bilgisayar-pm-hbc0000a75uu2,,ddr4,hepsiburada,full hd,,freedos,1920x1080,amd radeon graphics,paylaşımlı,"asus vivobook go 15 e1504fa-nj1759 amd ryzen 5 7520u 8gb 512gb ssd freedos 15.6"" taşınabilir bilgisayar"
